description,amount,category
Пятерочка Хлеб молоко,450.5,Продукты
Магнит Продукты питания,1250.0,Продукты
Перекресток Овощи фрукты,890.0,Продукты
Лента Бакалея,670.3,Продукты
Дикси Молочные продукты,340.0,Продукты
АЗС Лукойл АИ-95,2500.0,Топливо (АЗС)
Роснефть Бензин,2300.0,Топливо (АЗС)
Газпром АИ-92,2100.0,Топливо (АЗС)
Shell Топливо,2700.0,Топливо (АЗС)
Татнефть Бензин АИ-95,2400.0,Топливо (АЗС)
Макдональдс Обед,850.0,Кафе и рестораны
Бургер Кинг Ужин,920.0,Кафе и рестораны
KFC Комбо,780.0,Кафе и рестораны
Шоколадница Кофе,450.0,Кафе и рестораны
Старбакс Латте,350.0,Кафе и рестораны
Кофемания Завтрак,680.0,Кафе и рестораны
Додо Пицца Доставка,1200.0,Кафе и рестораны
Суши Wok Роллы,1450.0,Кафе и рестораны
Теремок Блины,420.0,Кафе и рестораны
Яндекс Такси Поездка,450.0,Такси
Uber Такси,380.0,Такси
Gett Поездка,520.0,Такси
Ситимобил Такси,340.0,Такси
Яндекс Такси Аэропорт,1200.0,Такси
Метро Пополнение,1000.0,Транспорт
Тройка Транспортная карта,500.0,Транспорт
Электричка Билет,250.0,Транспорт
Автобус Проездной,800.0,Транспорт
Netflix Подписка,899.0,Подписки
Spotify Premium,169.0,Подписки
YouTube Premium,399.0,Подписки
Яндекс Плюс,399.0,Подписки
Okko Кино,599.0,Подписки
ВК Музыка,149.0,Подписки
Аптека 36.6 Лекарства,850.0,Здоровье
Ригла Медикаменты,1200.0,Здоровье
Аптека Лекарство,450.0,Здоровье
Здоровье Аптека,680.0,Здоровье
МТС Мобильная связь,500.0,Связь и интернет
Билайн Телефон,450.0,Связь и интернет
Мегафон Связь,520.0,Связь и интернет
Ростелеком Интернет,800.0,Связь и интернет
Дом.ру Интернет,700.0,Связь и интернет
OZON Доставка одежда,3500.0,Одежда и обувь
Wildberries Обувь,4200.0,Одежда и обувь
Zara Куртка,8900.0,Одежда и обувь
H&M Футболки,2300.0,Одежда и обувь
Спортмастер Кроссовки,5600.0,Одежда и обувь
Спортмастер Тренажер,12000.0,Спорт и фитнес
Фитнес Клуб Абонемент,3500.0,Спорт и фитнес
WorldClass Годовой абонемент,45000.0,Спорт и фитнес
Бассейн Разовое посещение,800.0,Спорт и фитнес
Кинотеатр Билеты,900.0,Развлечения
Парк аттракционов,2500.0,Развлечения
Концерт Билет,4500.0,Развлечения
Театр Спектакль,3200.0,Развлечения
Музей Входной билет,500.0,Развлечения
Леруа Мерлен Инструменты,5600.0,Дом и быт
IKEA Мебель,23000.0,Дом и быт
Ашан Бытовая химия,1200.0,Дом и быт
OBI Краска,3400.0,Дом и быт
DNS Ноутбук,65000.0,Электроника
М.Видео Телефон,45000.0,Электроника
Связной Наушники,8900.0,Электроника
Эльдорадо Планшет,28000.0,Электроника
Лабиринт Книги,1800.0,Образование
Учебные курсы Онлайн,12000.0,Образование
Университет Семестр,85000.0,Образование
Буквоед Учебники,3400.0,Образование
ЖКХ Коммунальные платежи,8500.0,Коммунальные услуги
Мосэнергосбыт Электричество,2300.0,Коммунальные услуги
Водоканал Вода,1100.0,Коммунальные услуги
Газпром Газ,1800.0,Коммунальные услуги
Booking.com Отель,15000.0,Путешествия
Aviasales Билет на самолет,32000.0,Путешествия
РЖД Билеты на поезд,5600.0,Путешествия
Экскурсия Тур,8900.0,Путешествия
Летуаль Косметика,2800.0,Красота и здоровье
Подружка Парфюм,4500.0,Красота и здоровье
Рив Гош Макияж,3200.0,Красота и здоровье
Салон красоты Стрижка,1500.0,Красота и здоровье
Маникюр Педикюр,2000.0,Красота и здоровье
Благотворительный фонд Помощь,5000.0,Подарки и благотворительность
Церковь Пожертвование,1000.0,Подарки и благотворительность
Красный крест Донат,3000.0,Подарки и благотворительность
Продажа телефона б/у,15000.0,Продажа
Продажа мебели,8000.0,Продажа
Продажа одежды Avito,2500.0,Продажа
Яндекс Еда Пицца,1200.0,Кафе и рестораны
Delivery Club Роллы,1500.0,Кафе и рестораны
Додо Пицца доставка,890.0,Кафе и рестораны
Burger King Воппер Меню,450.0,Кафе и рестораны
Шоколадница Капучино,250.0,Кафе и рестораны
Starbucks Латте,350.0,Кафе и рестораны
Subway Сэндвич,420.0,Кафе и рестораны
Теремок Блины,380.0,Кафе и рестораны
Чайхона Плов,650.0,Кафе и рестораны
Тануки Суши сет,1800.0,Кафе и рестораны
Книга Программирование Python,1200.0,Образование
Онлайн курс Web разработка,5000.0,Образование
Skillbox Подписка,2500.0,Образование
Учебник Математика,800.0,Образование
Репетитор Английский,1500.0,Образование
Coursera Сертификат,3000.0,Образование
Udemy Курс ML,1900.0,Образование
GeekBrains Обучение,15000.0,Образование
Степик Курс Python,0.0,Образование
Английский онлайн урок,1000.0,Образование
Зоомагазин Корм для кота,1500.0,Питомцы
Ветклиника Прививка,2500.0,Питомцы
Зоомир Наполнитель,450.0,Питомцы
Груминг Стрижка собаки,1800.0,Питомцы
Корм для попугая,300.0,Питомцы
Переноска для кота,1200.0,Питомцы
Аквариум Рыбки,3000.0,Питомцы
Ошейник для собаки,800.0,Питомцы
Домик для кота,2500.0,Питомцы
Лежанка для собаки,1500.0,Питомцы
Wildberries Футболка,890.0,Одежда и обувь
Lamoda Джинсы,2500.0,Одежда и обувь
Zara Платье,3500.0,Одежда и обувь
H&M Свитер,1900.0,Одежда и обувь
Uniqlo Куртка,4500.0,Одежда и обувь
Спортмастер Кроссовки,5500.0,Одежда и обувь
Nike Кеды,7000.0,Одежда и обувь
Adidas Спортивный костюм,6000.0,Одежда и обувь
Reserved Рубашка,2200.0,Одежда и обувь
Befree Блузка,1500.0,Одежда и обувь
Пятёрочка Молоко Хлеб,350.0,Продукты
Перекрёсток Овощи Фрукты,780.0,Продукты
Ашан Мясо Курица,1200.0,Продукты
ВкусВилл Йогурт Творог,450.0,Продукты
Дикси Макароны Крупы,280.0,Продукты
Лента Рыба Морепродукты,980.0,Продукты
Магнит Яйца Сыр,420.0,Продукты
Окей Сахар Соль,150.0,Продукты
Карусель Чай Кофе,550.0,Продукты
Глобус Гурмэ Деликатесы,1500.0,Продукты
Мегафон Связь,500.0,Связь и интернет
Билайн Пополнение,300.0,Связь и интернет
МТС Абонентская плата,450.0,Связь и интернет
Теле2 Мобильный интернет,350.0,Связь и интернет
Ростелеком Интернет дом,700.0,Связь и интернет
Дом.ру Интернет ТВ,900.0,Связь и интернет
Билайн ТВ,400.0,Связь и интернет
МТС Роуминг,1500.0,Связь и интернет
Yota Безлимитный интернет,600.0,Связь и интернет
Тинькофф Мобайл,250.0,Связь и интернет
Лукойл Бензин АИ-95,3500.0,Транспорт
Газпромнефть АИ-92,3200.0,Транспорт
Роснефть Дизель,3800.0,Транспорт
Татнефть АИ-98,4200.0,Транспорт
Shell Бензин,3600.0,Транспорт
BP Заправка,3400.0,Транспорт
Башнефть АИ-95,3300.0,Транспорт
Газпром Метан,1500.0,Транспорт
Заправка АИ-92,3000.0,Транспорт
Топливо Дизель,3700.0,Транспорт
Яндекс Такси поездка,450.0,Такси
Uber Доставка домой,520.0,Такси
Gett В аэропорт,1200.0,Такси
Ситимобил В офис,380.0,Такси
Максим Такси,350.0,Такси
DiDi Поездка,420.0,Такси
Wheely Бизнес класс,2500.0,Такси
Яндекс Го Комфорт,680.0,Такси
Bolt Эконом,320.0,Такси
InDriver Торг,280.0,Такси
Аптека 36.6 Лекарства,850.0,Здоровье
Ригла Витамины,650.0,Здоровье
Максавит Антибиотики,1200.0,Здоровье
Здравсити Бинты,180.0,Здоровье
ГосАптека Пластырь,120.0,Здоровье
Планета Здоровья БАДы,980.0,Здоровье
Аптека Фармакор,560.0,Здоровье
Доктор Столетов,720.0,Здоровье
Первая помощь Термометр,450.0,Здоровье
Медицина Маски,220.0,Здоровье
Зарплата Февраль 2024,85000.0,Зарплата
Премия Квартальная,25000.0,Зарплата
Аванс Зарплаты,40000.0,Зарплата
Тринадцатая зарплата,85000.0,Зарплата
Оклад Основной,75000.0,Зарплата
Бонус Годовой,50000.0,Бонусы
Кэшбэк Тинькофф,1500.0,Кэшбэк
Возврат товара,3500.0,Возврат средств
Фриланс Дизайн логотипа,15000.0,Фриланс
Заказ на сайте,25000.0,Фриланс
Перевод от друга,5000.0,Подарки и благотворительность
Подарок на день рождения,10000.0,Подарки и благотворительность
Аренда квартиры получено,30000.0,Аренда
Дивиденды акции,8000.0,Инвестиции
Проценты по вкладу,2500.0,Инвестиции
Cinema Park Билет,500.0,Развлечения
Кинотеатр Каро,450.0,Развлечения
Театр Билет,1200.0,Развлечения
Цирк Семейный,2000.0,Развлечения
Аквапарк Входной,1500.0,Развлечения
Планетарий Билет,800.0,Развлечения
Зоопарк Семья,1800.0,Развлечения
Квест Комната,2500.0,Развлечения
Боулинг Час игры,1200.0,Развлечения
Каток Прокат,600.0,Развлечения
Леруа Мерлен Молоток,450.0,Дом и быт
IKEA Стол письменный,5500.0,Дом и быт
Hoff Диван,35000.0,Дом и быт
Askona Матрас,18000.0,Дом и быт
Fix Price Хозтовары,350.0,Дом и быт
Посуда Центр Кастрюля,1200.0,Дом и быт
М.Видео Пылесос,8500.0,Дом и быт
Эльдорадо Утюг,2500.0,Дом и быт
DNS Принтер,7500.0,Дом и быт
Ситилинк Клавиатура,1800.0,Дом и быт
Л'Этуаль Духи,3500.0,Красота и здоровье
Рив Гош Тушь,850.0,Красота и здоровье
Подружка Помада,650.0,Красота и здоровье
Магнит Косметик Крем,450.0,Красота и здоровье
Золотое яблоко Парфюм,5500.0,Красота и здоровье
МакДональдс Обед,550.0,Кафе и рестораны
KFC Баскет,650.0,Кафе и рестораны
Subway Комбо,480.0,Кафе и рестораны
Папа Джонс Пицца,1200.0,Кафе и рестораны
Старбакс Кофе,380.0,Кафе и рестораны
Якитория Сет,1850.0,Кафе и рестораны
Мираторг Мясо,1500.0,Продукты
Простоквашино Молоко,85.0,Продукты
Черкизово Курица,450.0,Продукты
Белый медведь Рыба,680.0,Продукты
Перекрёсток Овощи,1301.0,Продукты
Ашан Молоко,1091.0,Продукты
Перекрёсток Рыба,1993.0,Продукты
Лента Мясо,1457.0,Продукты
Пятёрочка Фрукты,1323.0,Продукты
Лента Молоко,1330.0,Продукты
ВкусВилл Рыба,1542.0,Продукты
Пятёрочка Овощи,804.0,Продукты
Ашан Овощи,664.0,Продукты
Перекрёсток Мясо,268.0,Продукты
Лента Мясо,1022.0,Продукты
Пятёрочка Мясо,1438.0,Продукты
Пятёрочка Рыба,630.0,Продукты
ВкусВилл Молоко,1858.0,Продукты
Ашан Овощи,955.0,Продукты
Пятёрочка Молоко,665.0,Продукты
Пятёрочка Хлеб,1673.0,Продукты
Лента Молоко,1743.0,Продукты
Пятёрочка Мясо,675.0,Продукты
Перекрёсток Фрукты,674.0,Продукты
Пятёрочка Овощи,1517.0,Продукты
Пятёрочка Рыба,229.0,Продукты
Лента Фрукты,248.0,Продукты
Перекрёсток Фрукты,1911.0,Продукты
ВкусВилл Овощи,668.0,Продукты
Пятёрочка Овощи,1480.0,Продукты
Пятёрочка Молоко,1050.0,Продукты
Ашан Мясо,626.0,Продукты
Пятёрочка Овощи,302.0,Продукты
Ашан Овощи,1478.0,Продукты
Пятёрочка Мясо,1637.0,Продукты
ВкусВилл Фрукты,1490.0,Продукты
Пятёрочка Мясо,1761.0,Продукты
ВкусВилл Мясо,1293.0,Продукты
ВкусВилл Овощи,999.0,Продукты
Лента Овощи,415.0,Продукты
Лента Фрукты,1231.0,Продукты
Магнит Рыба,1821.0,Продукты
ВкусВилл Фрукты,549.0,Продукты
Магнит Молоко,642.0,Продукты
Пятёрочка Хлеб,1826.0,Продукты
Пятёрочка Овощи,1289.0,Продукты
Магнит Мясо,1638.0,Продукты
Магнит Фрукты,1260.0,Продукты
Перекрёсток Мясо,1168.0,Продукты
Пятёрочка Хлеб,237.0,Продукты
Лента Мясо,313.0,Продукты
Магнит Мясо,1812.0,Продукты
Лента Овощи,725.0,Продукты
Перекрёсток Мясо,526.0,Продукты
Пятёрочка Рыба,366.0,Продукты
Пятёрочка Рыба,231.0,Продукты
Ашан Молоко,456.0,Продукты
Пятёрочка Рыба,222.0,Продукты
Перекрёсток Хлеб,1369.0,Продукты
Лента Рыба,548.0,Продукты
ВкусВилл Рыба,941.0,Продукты
Перекрёсток Рыба,638.0,Продукты
ВкусВилл Молоко,406.0,Продукты
Лента Хлеб,1117.0,Продукты
Магнит Фрукты,1427.0,Продукты
Лента Овощи,1314.0,Продукты
Лента Хлеб,592.0,Продукты
Пятёрочка Мясо,958.0,Продукты
Пятёрочка Рыба,1206.0,Продукты
Магнит Хлеб,611.0,Продукты
Ашан Фрукты,303.0,Продукты
ВкусВилл Овощи,1894.0,Продукты
Пятёрочка Хлеб,670.0,Продукты
Пятёрочка Фрукты,900.0,Продукты
Магнит Мясо,411.0,Продукты
Перекрёсток Мясо,534.0,Продукты
ВкусВилл Рыба,439.0,Продукты
Лента Рыба,1246.0,Продукты
Пятёрочка Овощи,887.0,Продукты
Ашан Фрукты,1546.0,Продукты
Лента Рыба,1917.0,Продукты
Ашан Молоко,1406.0,Продукты
Ашан Фрукты,1001.0,Продукты
Пятёрочка Рыба,1111.0,Продукты
Ашан Овощи,1526.0,Продукты
ВкусВилл Рыба,1642.0,Продукты
Ашан Овощи,1329.0,Продукты
Магнит Овощи,1449.0,Продукты
Лента Рыба,1448.0,Продукты
ВкусВилл Рыба,1880.0,Продукты
Магнит Молоко,585.0,Продукты
Перекрёсток Фрукты,831.0,Продукты
Пятёрочка Мясо,573.0,Продукты
Ашан Рыба,1028.0,Продукты
ВкусВилл Овощи,1674.0,Продукты
Пятёрочка Молоко,1485.0,Продукты
Перекрёсток Хлеб,1882.0,Продукты
Лента Фрукты,1465.0,Продукты
Лента Фрукты,660.0,Продукты
Ашан Фрукты,1517.0,Продукты
Перекрёсток Хлеб,512.0,Продукты
Пятёрочка Мясо,1984.0,Продукты
Магнит Хлеб,867.0,Продукты
Перекрёсток Мясо,498.0,Продукты
Роснефть АИ-95,2531.0,Топливо (АЗС)
Роснефть АИ-95,3787.0,Топливо (АЗС)
Газпромнефть АИ-95,4400.0,Топливо (АЗС)
Газпромнефть АИ-95,3181.0,Топливо (АЗС)
Газпромнефть АИ-95,2426.0,Топливо (АЗС)
Лукойл АИ-95,3443.0,Топливо (АЗС)
Газпромнефть АИ-95,2809.0,Топливо (АЗС)
Лукойл АИ-95,3775.0,Топливо (АЗС)
Лукойл АИ-95,3433.0,Топливо (АЗС)
Газпромнефть АИ-95,3545.0,Топливо (АЗС)
Татнефть АИ-95,3470.0,Топливо (АЗС)
Лукойл АИ-95,4285.0,Топливо (АЗС)
Татнефть АИ-95,2165.0,Топливо (АЗС)
Лукойл АИ-95,2119.0,Топливо (АЗС)
Газпромнефть АИ-95,2486.0,Топливо (АЗС)
Газпромнефть АИ-95,3415.0,Топливо (АЗС)
Татнефть АИ-95,3220.0,Топливо (АЗС)
Татнефть АИ-95,2139.0,Топливо (АЗС)
Роснефть АИ-95,3338.0,Топливо (АЗС)
Лукойл АИ-95,2424.0,Топливо (АЗС)
Лукойл АИ-95,3594.0,Топливо (АЗС)
Лукойл АИ-95,4445.0,Топливо (АЗС)
Лукойл АИ-95,3083.0,Топливо (АЗС)
Лукойл АИ-95,4009.0,Топливо (АЗС)
Роснефть АИ-95,3067.0,Топливо (АЗС)
Роснефть АИ-95,3881.0,Топливо (АЗС)
Лукойл АИ-95,3814.0,Топливо (АЗС)
Лукойл АИ-95,3677.0,Топливо (АЗС)
Татнефть АИ-95,3341.0,Топливо (АЗС)
Газпромнефть АИ-95,2233.0,Топливо (АЗС)
Татнефть АИ-95,3469.0,Топливо (АЗС)
Татнефть АИ-95,3570.0,Топливо (АЗС)
Лукойл АИ-95,2166.0,Топливо (АЗС)
Лукойл АИ-95,3574.0,Топливо (АЗС)
Газпромнефть АИ-95,2697.0,Топливо (АЗС)
Лукойл АИ-95,2100.0,Топливо (АЗС)
Роснефть АИ-95,4458.0,Топливо (АЗС)
Татнефть АИ-95,4319.0,Топливо (АЗС)
Лукойл АИ-95,2346.0,Топливо (АЗС)
Лукойл АИ-95,4132.0,Топливо (АЗС)
Татнефть АИ-95,4396.0,Топливо (АЗС)
Татнефть АИ-95,2836.0,Топливо (АЗС)
Татнефть АИ-95,2724.0,Топливо (АЗС)
Татнефть АИ-95,2992.0,Топливо (АЗС)
Татнефть АИ-95,2785.0,Топливо (АЗС)
Газпромнефть АИ-95,4213.0,Топливо (АЗС)
Татнефть АИ-95,4066.0,Топливо (АЗС)
Газпромнефть АИ-95,4093.0,Топливо (АЗС)
Газпромнефть АИ-95,4278.0,Топливо (АЗС)
Татнефть АИ-95,4290.0,Топливо (АЗС)
Додо Пицца Заказ,1194.0,Кафе и рестораны
Додо Пицца Заказ,1226.0,Кафе и рестораны
Додо Пицца Заказ,1340.0,Кафе и рестораны
Додо Пицца Заказ,1973.0,Кафе и рестораны
KFC Заказ,1639.0,Кафе и рестораны
KFC Заказ,1664.0,Кафе и рестораны
Subway Заказ,583.0,Кафе и рестораны
Subway Заказ,519.0,Кафе и рестораны
МакДональдс Заказ,664.0,Кафе и рестораны
Теремок Заказ,806.0,Кафе и рестораны
МакДональдс Заказ,1683.0,Кафе и рестораны
МакДональдс Заказ,1874.0,Кафе и рестораны
Додо Пицца Заказ,337.0,Кафе и рестораны
МакДональдс Заказ,1412.0,Кафе и рестораны
KFC Заказ,854.0,Кафе и рестораны
Subway Заказ,1555.0,Кафе и рестораны
KFC Заказ,1341.0,Кафе и рестораны
Додо Пицца Заказ,1122.0,Кафе и рестораны
Subway Заказ,459.0,Кафе и рестораны
Додо Пицца Заказ,464.0,Кафе и рестораны
KFC Заказ,520.0,Кафе и рестораны
Subway Заказ,1078.0,Кафе и рестораны
Теремок Заказ,723.0,Кафе и рестораны
Теремок Заказ,1575.0,Кафе и рестораны
Теремок Заказ,1229.0,Кафе и рестораны
Subway Заказ,1507.0,Кафе и рестораны
Теремок Заказ,1440.0,Кафе и рестораны
Теремок Заказ,1599.0,Кафе и рестораны
Додо Пицца Заказ,337.0,Кафе и рестораны
Subway Заказ,910.0,Кафе и рестораны
Теремок Заказ,1703.0,Кафе и рестораны
Subway Заказ,1347.0,Кафе и рестораны
KFC Заказ,316.0,Кафе и рестораны
МакДональдс Заказ,1153.0,Кафе и рестораны
Додо Пицца Заказ,597.0,Кафе и рестораны
Subway Заказ,1546.0,Кафе и рестораны
МакДональдс Заказ,1622.0,Кафе и рестораны
Додо Пицца Заказ,1913.0,Кафе и рестораны
Теремок Заказ,1906.0,Кафе и рестораны
Додо Пицца Заказ,1048.0,Кафе и рестораны
KFC Заказ,864.0,Кафе и рестораны
Subway Заказ,359.0,Кафе и рестораны
Subway Заказ,939.0,Кафе и рестораны
Subway Заказ,1708.0,Кафе и рестораны
Додо Пицца Заказ,1850.0,Кафе и рестораны
KFC Заказ,1360.0,Кафе и рестораны
KFC Заказ,1935.0,Кафе и рестораны
Subway Заказ,746.0,Кафе и рестораны
Додо Пицца Заказ,1942.0,Кафе и рестораны
МакДональдс Заказ,1266.0,Кафе и рестораны
Теремок Заказ,928.0,Кафе и рестораны
Теремок Заказ,1156.0,Кафе и рестораны
Subway Заказ,905.0,Кафе и рестораны
KFC Заказ,1528.0,Кафе и рестораны
Теремок Заказ,1967.0,Кафе и рестораны
Subway Заказ,513.0,Кафе и рестораны
Додо Пицца Заказ,1751.0,Кафе и рестораны
KFC Заказ,1958.0,Кафе и рестораны
KFC Заказ,855.0,Кафе и рестораны
МакДональдс Заказ,1308.0,Кафе и рестораны
Теремок Заказ,1460.0,Кафе и рестораны
Subway Заказ,1157.0,Кафе и рестораны
Теремок Заказ,1101.0,Кафе и рестораны
Subway Заказ,1232.0,Кафе и рестораны
Теремок Заказ,854.0,Кафе и рестораны
Теремок Заказ,1826.0,Кафе и рестораны
Subway Заказ,1922.0,Кафе и рестораны
МакДональдс Заказ,1227.0,Кафе и рестораны
Subway Заказ,1758.0,Кафе и рестораны
KFC Заказ,1127.0,Кафе и рестораны
Subway Заказ,1455.0,Кафе и рестораны
Subway Заказ,1102.0,Кафе и рестораны
Subway Заказ,1102.0,Кафе и рестораны
KFC Заказ,1974.0,Кафе и рестораны
Теремок Заказ,1545.0,Кафе и рестораны
Додо Пицца Заказ,1138.0,Кафе и рестораны
Subway Заказ,587.0,Кафе и рестораны
Subway Заказ,1376.0,Кафе и рестораны
Subway Заказ,1954.0,Кафе и рестораны
Додо Пицца Заказ,1041.0,Кафе и рестораны
Uber Поездка,763.0,Такси
Gett Поездка,264.0,Такси
Яндекс Такси Поездка,1184.0,Такси
Яндекс Такси Поездка,1184.0,Такси
Ситимобил Поездка,462.0,Такси
Ситимобил Поездка,527.0,Такси
Яндекс Такси Поездка,431.0,Такси
Uber Поездка,296.0,Такси
Gett Поездка,317.0,Такси
Gett Поездка,818.0,Такси
Uber Поездка,522.0,Такси
Gett Поездка,1347.0,Такси
Gett Поездка,258.0,Такси
Gett Поездка,395.0,Такси
Uber Поездка,806.0,Такси
Uber Поездка,512.0,Такси
Яндекс Такси Поездка,550.0,Такси
Uber Поездка,1211.0,Такси
Uber Поездка,428.0,Такси
Ситимобил Поездка,1025.0,Такси
Яндекс Такси Поездка,651.0,Такси
Яндекс Такси Поездка,928.0,Такси
Gett Поездка,801.0,Такси
Яндекс Такси Поездка,297.0,Такси
Uber Поездка,495.0,Такси
Яндекс Такси Поездка,1342.0,Такси
Gett Поездка,965.0,Такси
Яндекс Такси Поездка,1335.0,Такси
Ситимобил Поездка,911.0,Такси
Uber Поездка,1120.0,Такси
Ситимобил Поездка,938.0,Такси
Ситимобил Поездка,428.0,Такси
Яндекс Такси Поездка,1485.0,Такси
Gett Поездка,635.0,Такси
Яндекс Такси Поездка,519.0,Такси
Ситимобил Поездка,1032.0,Такси
Uber Поездка,1033.0,Такси
Яндекс Такси Поездка,1321.0,Такси
Ситимобил Поездка,1185.0,Такси
Uber Поездка,361.0,Такси
Яндекс Такси Поездка,486.0,Такси
Gett Поездка,1095.0,Такси
Uber Поездка,753.0,Такси
Uber Поездка,936.0,Такси
Яндекс Такси Поездка,413.0,Такси
Ситимобил Поездка,861.0,Такси
Ситимобил Поездка,635.0,Такси
Gett Поездка,1353.0,Такси
Uber Поездка,993.0,Такси
Яндекс Такси Поездка,285.0,Такси
Яндекс Такси Поездка,1037.0,Такси
Яндекс Такси Поездка,1078.0,Такси
Яндекс Такси Поездка,991.0,Такси
Uber Поездка,759.0,Такси
Ситимобил Поездка,233.0,Такси
Ситимобил Поездка,849.0,Такси
Uber Поездка,1193.0,Такси
Яндекс Такси Поездка,855.0,Такси
Gett Поездка,1362.0,Такси
Gett Поездка,816.0,Такси
Электричка Проезд,1719.0,Транспорт
Тройка Проезд,1988.0,Транспорт
Тройка Проезд,551.0,Транспорт
Метро Проезд,878.0,Транспорт
Автобус Проезд,993.0,Транспорт
Автобус Проезд,1060.0,Транспорт
Тройка Проезд,1500.0,Транспорт
Метро Проезд,1504.0,Транспорт
Автобус Проезд,1980.0,Транспорт
Метро Проезд,419.0,Транспорт
Тройка Проезд,1664.0,Транспорт
Электричка Проезд,647.0,Транспорт
Тройка Проезд,493.0,Транспорт
Метро Проезд,1670.0,Транспорт
Автобус Проезд,442.0,Транспорт
Электричка Проезд,847.0,Транспорт
Автобус Проезд,1828.0,Транспорт
Автобус Проезд,1789.0,Транспорт
Тройка Проезд,1182.0,Транспорт
Тройка Проезд,987.0,Транспорт
Тройка Проезд,677.0,Транспорт
Метро Проезд,1116.0,Транспорт
Тройка Проезд,909.0,Транспорт
Тройка Проезд,136.0,Транспорт
Электричка Проезд,1670.0,Транспорт
Электричка Проезд,654.0,Транспорт
Автобус Проезд,1344.0,Транспорт
Электричка Проезд,1331.0,Транспорт
Метро Проезд,381.0,Транспорт
Электричка Проезд,1911.0,Транспорт
Автобус Проезд,1724.0,Транспорт
Тройка Проезд,1679.0,Транспорт
Автобус Проезд,558.0,Транспорт
Метро Проезд,200.0,Транспорт
Электричка Проезд,625.0,Транспорт
Электричка Проезд,838.0,Транспорт
Автобус Проезд,1258.0,Транспорт
Тройка Проезд,1225.0,Транспорт
Метро Проезд,764.0,Транспорт
Тройка Проезд,1584.0,Транспорт
Ригла Лекарства,1222.0,Здоровье
Ригла Лекарства,725.0,Здоровье
Максавит Лекарства,303.0,Здоровье
Максавит Лекарства,256.0,Здоровье
Максавит Лекарства,1253.0,Здоровье
Аптека 36.6 Лекарства,1494.0,Здоровье
Ригла Лекарства,1180.0,Здоровье
Аптека 36.6 Лекарства,1345.0,Здоровье
Максавит Лекарства,313.0,Здоровье
Аптека 36.6 Лекарства,987.0,Здоровье
Ригла Лекарства,217.0,Здоровье
Ригла Лекарства,709.0,Здоровье
Ригла Лекарства,1241.0,Здоровье
Ригла Лекарства,814.0,Здоровье
Максавит Лекарства,1420.0,Здоровье
Максавит Лекарства,1233.0,Здоровье
Ригла Лекарства,1353.0,Здоровье
Максавит Лекарства,1622.0,Здоровье
Ригла Лекарства,673.0,Здоровье
Ригла Лекарства,1489.0,Здоровье
Аптека 36.6 Лекарства,1455.0,Здоровье
Аптека 36.6 Лекарства,1535.0,Здоровье
Ригла Лекарства,354.0,Здоровье
Аптека 36.6 Лекарства,707.0,Здоровье
Максавит Лекарства,711.0,Здоровье
Ригла Лекарства,214.0,Здоровье
Максавит Лекарства,256.0,Здоровье
Максавит Лекарства,903.0,Здоровье
Максавит Лекарства,247.0,Здоровье
Максавит Лекарства,1326.0,Здоровье
Аптека 36.6 Лекарства,730.0,Здоровье
Максавит Лекарства,958.0,Здоровье
Аптека 36.6 Лекарства,1224.0,Здоровье
Ригла Лекарства,750.0,Здоровье
Ригла Лекарства,899.0,Здоровье
Максавит Лекарства,1414.0,Здоровье
Аптека 36.6 Лекарства,585.0,Здоровье
Аптека 36.6 Лекарства,1595.0,Здоровье
Максавит Лекарства,883.0,Здоровье
Аптека 36.6 Лекарства,239.0,Здоровье
Максавит Лекарства,1168.0,Здоровье
Аптека 36.6 Лекарства,1719.0,Здоровье
Максавит Лекарства,1376.0,Здоровье
Максавит Лекарства,1631.0,Здоровье
Аптека 36.6 Лекарства,1029.0,Здоровье
Максавит Лекарства,800.0,Здоровье
Ригла Лекарства,1311.0,Здоровье
Ригла Лекарства,754.0,Здоровье
Ригла Лекарства,215.0,Здоровье
Ригла Лекарства,1631.0,Здоровье
Zara Одежда,8398.0,Одежда и обувь
Lamoda Одежда,4448.0,Одежда и обувь
Lamoda Одежда,3577.0,Одежда и обувь
Wildberries Одежда,8067.0,Одежда и обувь
Lamoda Одежда,8708.0,Одежда и обувь
Zara Одежда,2186.0,Одежда и обувь
Zara Одежда,7861.0,Одежда и обувь
Zara Одежда,11091.0,Одежда и обувь
Lamoda Одежда,6210.0,Одежда и обувь
Wildberries Одежда,4687.0,Одежда и обувь
Zara Одежда,8762.0,Одежда и обувь
Lamoda Одежда,6462.0,Одежда и обувь
Lamoda Одежда,9258.0,Одежда и обувь
Wildberries Одежда,1892.0,Одежда и обувь
Lamoda Одежда,10499.0,Одежда и обувь
Zara Одежда,6500.0,Одежда и обувь
Zara Одежда,10355.0,Одежда и обувь
Lamoda Одежда,3111.0,Одежда и обувь
Zara Одежда,9981.0,Одежда и обувь
Wildberries Одежда,7066.0,Одежда и обувь
Wildberries Одежда,9381.0,Одежда и обувь
Wildberries Одежда,1616.0,Одежда и обувь
Lamoda Одежда,6036.0,Одежда и обувь
H&M Одежда,3923.0,Одежда и обувь
Zara Одежда,9106.0,Одежда и обувь
H&M Одежда,3603.0,Одежда и обувь
H&M Одежда,3394.0,Одежда и обувь
H&M Одежда,2430.0,Одежда и обувь
Zara Одежда,1396.0,Одежда и обувь
H&M Одежда,1576.0,Одежда и обувь
Wildberries Одежда,8224.0,Одежда и обувь
Wildberries Одежда,5754.0,Одежда и обувь
Lamoda Одежда,11924.0,Одежда и обувь
Lamoda Одежда,8027.0,Одежда и обувь
Zara Одежда,9315.0,Одежда и обувь
Lamoda Одежда,7612.0,Одежда и обувь
Lamoda Одежда,1540.0,Одежда и обувь
H&M Одежда,7241.0,Одежда и обувь
Zara Одежда,4610.0,Одежда и обувь
H&M Одежда,4013.0,Одежда и обувь
Lamoda Одежда,2234.0,Одежда и обувь
Lamoda Одежда,7085.0,Одежда и обувь
H&M Одежда,10004.0,Одежда и обувь
Wildberries Одежда,10923.0,Одежда и обувь
Wildberries Одежда,6508.0,Одежда и обувь
Wildberries Одежда,5238.0,Одежда и обувь
Zara Одежда,6620.0,Одежда и обувь
Lamoda Одежда,8501.0,Одежда и обувь
Lamoda Одежда,7186.0,Одежда и обувь
Lamoda Одежда,8300.0,Одежда и обувь
H&M Одежда,10085.0,Одежда и обувь
Lamoda Одежда,1593.0,Одежда и обувь
H&M Одежда,10992.0,Одежда и обувь
Wildberries Одежда,3617.0,Одежда и обувь
Zara Одежда,6858.0,Одежда и обувь
Zara Одежда,8538.0,Одежда и обувь
Zara Одежда,3197.0,Одежда и обувь
H&M Одежда,5880.0,Одежда и обувь
H&M Одежда,4567.0,Одежда и обувь
Zara Одежда,6720.0,Одежда и обувь
FitnesHouse Абонемент,11367.0,Спорт и фитнес
X-Fit Абонемент,9726.0,Спорт и фитнес
Бассейн Абонемент,27181.0,Спорт и фитнес
Бассейн Абонемент,36679.0,Спорт и фитнес
X-Fit Абонемент,23405.0,Спорт и фитнес
X-Fit Абонемент,8867.0,Спорт и фитнес
FitnesHouse Абонемент,44925.0,Спорт и фитнес
Бассейн Абонемент,41547.0,Спорт и фитнес
Бассейн Абонемент,39091.0,Спорт и фитнес
WorldClass Абонемент,10259.0,Спорт и фитнес
Бассейн Абонемент,37426.0,Спорт и фитнес
FitnesHouse Абонемент,20613.0,Спорт и фитнес
X-Fit Абонемент,8991.0,Спорт и фитнес
FitnesHouse Абонемент,45031.0,Спорт и фитнес
X-Fit Абонемент,20731.0,Спорт и фитнес
WorldClass Абонемент,20213.0,Спорт и фитнес
Бассейн Абонемент,35228.0,Спорт и фитнес
WorldClass Абонемент,45727.0,Спорт и фитнес
FitnesHouse Абонемент,35424.0,Спорт и фитнес
FitnesHouse Абонемент,10406.0,Спорт и фитнес
WorldClass Абонемент,17672.0,Спорт и фитнес
FitnesHouse Абонемент,47812.0,Спорт и фитнес
FitnesHouse Абонемент,16283.0,Спорт и фитнес
Бассейн Абонемент,3732.0,Спорт и фитнес
FitnesHouse Абонемент,46664.0,Спорт и фитнес
FitnesHouse Абонемент,3150.0,Спорт и фитнес
WorldClass Абонемент,45660.0,Спорт и фитнес
FitnesHouse Абонемент,49479.0,Спорт и фитнес
WorldClass Абонемент,18359.0,Спорт и фитнес
X-Fit Абонемент,15691.0,Спорт и фитнес
X-Fit Абонемент,43272.0,Спорт и фитнес
X-Fit Абонемент,28345.0,Спорт и фитнес
FitnesHouse Абонемент,31358.0,Спорт и фитнес
X-Fit Абонемент,20930.0,Спорт и фитнес
FitnesHouse Абонемент,41423.0,Спорт и фитнес
Бассейн Абонемент,29021.0,Спорт и фитнес
Бассейн Абонемент,25224.0,Спорт и фитнес
FitnesHouse Абонемент,2167.0,Спорт и фитнес
X-Fit Абонемент,4703.0,Спорт и фитнес
X-Fit Абонемент,31718.0,Спорт и фитнес
Кинотеатр Билет,2119.0,Развлечения
Музей Билет,1692.0,Развлечения
Кинотеатр Билет,1229.0,Развлечения
Квест Билет,1766.0,Развлечения
Кинотеатр Билет,516.0,Развлечения
Кинотеатр Билет,2418.0,Развлечения
Квест Билет,1679.0,Развлечения
Музей Билет,1915.0,Развлечения
Музей Билет,2719.0,Развлечения
Квест Билет,1968.0,Развлечения
Театр Билет,1858.0,Развлечения
Театр Билет,1762.0,Развлечения
Кинотеатр Билет,1656.0,Развлечения
Музей Билет,708.0,Развлечения
Театр Билет,2151.0,Развлечения
Театр Билет,1835.0,Развлечения
Театр Билет,2435.0,Развлечения
Музей Билет,1472.0,Развлечения
Кинотеатр Билет,973.0,Развлечения
Кинотеатр Билет,2760.0,Развлечения
Квест Билет,1224.0,Развлечения
Музей Билет,2994.0,Развлечения
Кинотеатр Билет,546.0,Развлечения
Кинотеатр Билет,2298.0,Развлечения
Театр Билет,1932.0,Развлечения
Театр Билет,2057.0,Развлечения
Музей Билет,2178.0,Развлечения
Музей Билет,1391.0,Развлечения
Квест Билет,935.0,Развлечения
Кинотеатр Билет,2200.0,Развлечения
Театр Билет,1869.0,Развлечения
Квест Билет,2686.0,Развлечения
Кинотеатр Билет,2684.0,Развлечения
Музей Билет,1984.0,Развлечения
Квест Билет,1277.0,Развлечения
Музей Билет,1038.0,Развлечения
Квест Билет,1487.0,Развлечения
Квест Билет,2177.0,Развлечения
Квест Билет,1319.0,Развлечения
Кинотеатр Билет,2098.0,Развлечения
Музей Билет,2748.0,Развлечения
Театр Билет,778.0,Развлечения
Музей Билет,605.0,Развлечения
Квест Билет,549.0,Развлечения
Театр Билет,2499.0,Развлечения
Кинотеатр Билет,1247.0,Развлечения
Квест Билет,2346.0,Развлечения
Кинотеатр Билет,1435.0,Развлечения
Театр Билет,1096.0,Развлечения
Театр Билет,1956.0,Развлечения
М.Видео Товары,11891.0,Дом и быт
Fix Price Товары,5646.0,Дом и быт
М.Видео Товары,33452.0,Дом и быт
IKEA Товары,9410.0,Дом и быт
М.Видео Товары,3929.0,Дом и быт
IKEA Товары,25534.0,Дом и быт
М.Видео Товары,14962.0,Дом и быт
IKEA Товары,18300.0,Дом и быт
IKEA Товары,32126.0,Дом и быт
Леруа Мерлен Товары,5307.0,Дом и быт
Fix Price Товары,2584.0,Дом и быт
Fix Price Товары,9536.0,Дом и быт
Леруа Мерлен Товары,33896.0,Дом и быт
Fix Price Товары,15591.0,Дом и быт
IKEA Товары,6199.0,Дом и быт
М.Видео Товары,19861.0,Дом и быт
М.Видео Товары,7477.0,Дом и быт
Леруа Мерлен Товары,2391.0,Дом и быт
IKEA Товары,16907.0,Дом и быт
IKEA Товары,8780.0,Дом и быт
IKEA Товары,4224.0,Дом и быт
Леруа Мерлен Товары,9583.0,Дом и быт
Fix Price Товары,21496.0,Дом и быт
Fix Price Товары,30571.0,Дом и быт
IKEA Товары,38416.0,Дом и быт
Леруа Мерлен Товары,17985.0,Дом и быт
М.Видео Товары,27489.0,Дом и быт
IKEA Товары,26612.0,Дом и быт
IKEA Товары,13833.0,Дом и быт
Леруа Мерлен Товары,26611.0,Дом и быт
Леруа Мерлен Товары,8715.0,Дом и быт
IKEA Товары,12868.0,Дом и быт
Леруа Мерлен Товары,10326.0,Дом и быт
Fix Price Товары,14506.0,Дом и быт
Леруа Мерлен Товары,1076.0,Дом и быт
Fix Price Товары,39252.0,Дом и быт
Леруа Мерлен Товары,21752.0,Дом и быт
Fix Price Товары,12115.0,Дом и быт
М.Видео Товары,7036.0,Дом и быт
IKEA Товары,24632.0,Дом и быт
М.Видео Товары,6869.0,Дом и быт
М.Видео Товары,30904.0,Дом и быт
М.Видео Товары,30899.0,Дом и быт
Fix Price Товары,39788.0,Дом и быт
М.Видео Товары,37194.0,Дом и быт
IKEA Товары,12052.0,Дом и быт
Fix Price Товары,9357.0,Дом и быт
Fix Price Товары,25354.0,Дом и быт
Fix Price Товары,24509.0,Дом и быт
М.Видео Товары,30217.0,Дом и быт
Fix Price Товары,24612.0,Дом и быт
Леруа Мерлен Товары,30907.0,Дом и быт
IKEA Товары,1761.0,Дом и быт
М.Видео Товары,18538.0,Дом и быт
Леруа Мерлен Товары,27061.0,Дом и быт
Fix Price Товары,39663.0,Дом и быт
IKEA Товары,34380.0,Дом и быт
Леруа Мерлен Товары,5135.0,Дом и быт
Fix Price Товары,3843.0,Дом и быт
М.Видео Товары,1921.0,Дом и быт
Udemy Курс,7154.0,Образование
Skillbox Курс,13711.0,Образование
Лабиринт Курс,19370.0,Образование
Лабиринт Курс,18198.0,Образование
Skillbox Курс,12946.0,Образование
Udemy Курс,14452.0,Образование
Skillbox Курс,18301.0,Образование
Skillbox Курс,19600.0,Образование
Лабиринт Курс,9477.0,Образование
GeekBrains Курс,9099.0,Образование
Лабиринт Курс,18506.0,Образование
Skillbox Курс,12707.0,Образование
Udemy Курс,17076.0,Образование
Лабиринт Курс,14988.0,Образование
Skillbox Курс,8653.0,Образование
Лабиринт Курс,19186.0,Образование
Udemy Курс,12189.0,Образование
GeekBrains Курс,1361.0,Образование
Лабиринт Курс,16761.0,Образование
Udemy Курс,5976.0,Образование
Skillbox Курс,2941.0,Образование
GeekBrains Курс,6587.0,Образование
Skillbox Курс,12625.0,Образование
Лабиринт Курс,13857.0,Образование
Skillbox Курс,10192.0,Образование
GeekBrains Курс,12366.0,Образование
Лабиринт Курс,3566.0,Образование
Udemy Курс,8093.0,Образование
Skillbox Курс,18762.0,Образование
Skillbox Курс,15722.0,Образование
GeekBrains Курс,17828.0,Образование
Udemy Курс,11028.0,Образование
GeekBrains Курс,15411.0,Образование
Skillbox Курс,13334.0,Образование
GeekBrains Курс,3082.0,Образование
Udemy Курс,17394.0,Образование
Udemy Курс,18009.0,Образование
GeekBrains Курс,15755.0,Образование
GeekBrains Курс,4802.0,Образование
Лабиринт Курс,3408.0,Образование
Рив Гош Услуги,1998.0,Красота и здоровье
Салон красоты Услуги,1400.0,Красота и здоровье
Рив Гош Услуги,1997.0,Красота и здоровье
Л'Этуаль Услуги,4613.0,Красота и здоровье
Рив Гош Услуги,1616.0,Красота и здоровье
Салон красоты Услуги,2885.0,Красота и здоровье
Л'Этуаль Услуги,2455.0,Красота и здоровье
Рив Гош Услуги,5421.0,Красота и здоровье
Л'Этуаль Услуги,1184.0,Красота и здоровье
Л'Этуаль Услуги,2387.0,Красота и здоровье
Рив Гош Услуги,4646.0,Красота и здоровье
Салон красоты Услуги,5589.0,Красота и здоровье
Рив Гош Услуги,3112.0,Красота и здоровье
Рив Гош Услуги,1100.0,Красота и здоровье
Рив Гош Услуги,1722.0,Красота и здоровье
Рив Гош Услуги,2402.0,Красота и здоровье
Л'Этуаль Услуги,2173.0,Красота и здоровье
Салон красоты Услуги,4605.0,Красота и здоровье
Л'Этуаль Услуги,5813.0,Красота и здоровье
Л'Этуаль Услуги,2232.0,Красота и здоровье
Л'Этуаль Услуги,5520.0,Красота и здоровье
Л'Этуаль Услуги,4379.0,Красота и здоровье
Рив Гош Услуги,1613.0,Красота и здоровье
Рив Гош Услуги,2199.0,Красота и здоровье
Л'Этуаль Услуги,735.0,Красота и здоровье
Салон красоты Услуги,664.0,Красота и здоровье
Л'Этуаль Услуги,2938.0,Красота и здоровье
Л'Этуаль Услуги,4881.0,Красота и здоровье
Салон красоты Услуги,2526.0,Красота и здоровье
Рив Гош Услуги,545.0,Красота и здоровье
Рив Гош Услуги,3333.0,Красота и здоровье
Л'Этуаль Услуги,5041.0,Красота и здоровье
Рив Гош Услуги,2464.0,Красота и здоровье
Л'Этуаль Услуги,2134.0,Красота и здоровье
Л'Этуаль Услуги,535.0,Красота и здоровье
Рив Гош Услуги,1937.0,Красота и здоровье
Салон красоты Услуги,2628.0,Красота и здоровье
Салон красоты Услуги,4789.0,Красота и здоровье
Рив Гош Услуги,3466.0,Красота и здоровье
Салон красоты Услуги,952.0,Красота и здоровье
Мегафон Связь,652.0,Связь и интернет
Билайн Связь,824.0,Связь и интернет
МТС Связь,645.0,Связь и интернет
Билайн Связь,514.0,Связь и интернет
Мегафон Связь,730.0,Связь и интернет
Билайн Связь,722.0,Связь и интернет
Билайн Связь,639.0,Связь и интернет
МТС Связь,527.0,Связь и интернет
Мегафон Связь,343.0,Связь и интернет
МТС Связь,519.0,Связь и интернет
МТС Связь,464.0,Связь и интернет
Мегафон Связь,621.0,Связь и интернет
Билайн Связь,791.0,Связь и интернет
Мегафон Связь,855.0,Связь и интернет
Мегафон Связь,637.0,Связь и интернет
МТС Связь,740.0,Связь и интернет
Мегафон Связь,617.0,Связь и интернет
Мегафон Связь,773.0,Связь и интернет
Билайн Связь,491.0,Связь и интернет
Мегафон Связь,672.0,Связь и интернет
Ростелеком Связь,747.0,Связь и интернет
Мегафон Связь,510.0,Связь и интернет
МТС Связь,655.0,Связь и интернет
Ростелеком Связь,893.0,Связь и интернет
Билайн Связь,733.0,Связь и интернет
Билайн Связь,333.0,Связь и интернет
МТС Связь,626.0,Связь и интернет
Мегафон Связь,359.0,Связь и интернет
Ростелеком Связь,961.0,Связь и интернет
Мегафон Связь,339.0,Связь и интернет
Ростелеком Связь,991.0,Связь и интернет
Ростелеком Связь,894.0,Связь и интернет
МТС Связь,337.0,Связь и интернет
Мегафон Связь,659.0,Связь и интернет
Билайн Связь,521.0,Связь и интернет
Ростелеком Связь,613.0,Связь и интернет
Ростелеком Связь,917.0,Связь и интернет
Билайн Связь,746.0,Связь и интернет
Мегафон Связь,571.0,Связь и интернет
Ростелеком Связь,638.0,Связь и интернет
Netflix Подписка,599.0,Подписки
Яндекс Плюс Подписка,599.0,Подписки
Spotify Подписка,169.0,Подписки
Spotify Подписка,599.0,Подписки
Яндекс Плюс Подписка,899.0,Подписки
YouTube Premium Подписка,149.0,Подписки
YouTube Premium Подписка,599.0,Подписки
Яндекс Плюс Подписка,899.0,Подписки
Netflix Подписка,399.0,Подписки
YouTube Premium Подписка,399.0,Подписки
Netflix Подписка,169.0,Подписки
YouTube Premium Подписка,399.0,Подписки
Яндекс Плюс Подписка,899.0,Подписки
Spotify Подписка,599.0,Подписки
Яндекс Плюс Подписка,399.0,Подписки
YouTube Premium Подписка,599.0,Подписки
Яндекс Плюс Подписка,149.0,Подписки
Яндекс Плюс Подписка,399.0,Подписки
Яндекс Плюс Подписка,169.0,Подписки
YouTube Premium Подписка,149.0,Подписки
Netflix Подписка,599.0,Подписки
Netflix Подписка,169.0,Подписки
Netflix Подписка,599.0,Подписки
Яндекс Плюс Подписка,599.0,Подписки
Яндекс Плюс Подписка,399.0,Подписки
Яндекс Плюс Подписка,169.0,Подписки
Netflix Подписка,899.0,Подписки
YouTube Premium Подписка,599.0,Подписки
Яндекс Плюс Подписка,149.0,Подписки
YouTube Premium Подписка,599.0,Подписки
Ветклиника Услуги,1342.0,Питомцы
Ветклиника Услуги,585.0,Питомцы
Ветклиника Услуги,1815.0,Питомцы
Груминг Услуги,939.0,Питомцы
Груминг Услуги,1688.0,Питомцы
Ветклиника Услуги,761.0,Питомцы
Зоомагазин Услуги,2414.0,Питомцы
Груминг Услуги,1142.0,Питомцы
Ветклиника Услуги,918.0,Питомцы
Зоомагазин Услуги,2092.0,Питомцы
Зоомагазин Услуги,2160.0,Питомцы
Зоомагазин Услуги,1930.0,Питомцы
Ветклиника Услуги,555.0,Питомцы
Груминг Услуги,1496.0,Питомцы
Зоомагазин Услуги,2476.0,Питомцы
Зоомагазин Услуги,2164.0,Питомцы
Ветклиника Услуги,1146.0,Питомцы
Ветклиника Услуги,1212.0,Питомцы
Груминг Услуги,1037.0,Питомцы
Ветклиника Услуги,2461.0,Питомцы
Груминг Услуги,2102.0,Питомцы
Ветклиника Услуги,684.0,Питомцы
Зоомагазин Услуги,943.0,Питомцы
Зоомагазин Услуги,1437.0,Питомцы
Ветклиника Услуги,1589.0,Питомцы
Ветклиника Услуги,991.0,Питомцы
Зоомагазин Услуги,1330.0,Питомцы
Ветклиника Услуги,1615.0,Питомцы
Зоомагазин Услуги,850.0,Питомцы
Груминг Услуги,2790.0,Питомцы
Зоомагазин Услуги,2544.0,Питомцы
Зоомагазин Услуги,1378.0,Питомцы
Груминг Услуги,1399.0,Питомцы
Ветклиника Услуги,1391.0,Питомцы
Груминг Услуги,736.0,Питомцы
Груминг Услуги,2674.0,Питомцы
Зоомагазин Услуги,925.0,Питомцы
Ветклиника Услуги,1071.0,Питомцы
Груминг Услуги,1591.0,Питомцы
Ветклиника Услуги,698.0,Питомцы
Aviasales Билет,16258.0,Путешествия
Aviasales Билет,30454.0,Путешествия
Aviasales Билет,45496.0,Путешествия
Aviasales Билет,21568.0,Путешествия
Booking.com Билет,17142.0,Путешествия
Aviasales Билет,42659.0,Путешествия
Booking.com Билет,31550.0,Путешествия
Booking.com Билет,45794.0,Путешествия
Booking.com Билет,11268.0,Путешествия
Booking.com Билет,33497.0,Путешествия
Booking.com Билет,45520.0,Путешествия
Booking.com Билет,24613.0,Путешествия
Booking.com Билет,30238.0,Путешествия
РЖД Билет,49682.0,Путешествия
Booking.com Билет,18382.0,Путешествия
Aviasales Билет,7500.0,Путешествия
Aviasales Билет,13873.0,Путешествия
Aviasales Билет,21630.0,Путешествия
РЖД Билет,42275.0,Путешествия
РЖД Билет,18096.0,Путешествия
Aviasales Билет,42202.0,Путешествия
Aviasales Билет,27769.0,Путешествия
Booking.com Билет,31287.0,Путешествия
РЖД Билет,38659.0,Путешествия
РЖД Билет,31199.0,Путешествия
Booking.com Билет,22129.0,Путешествия
Aviasales Билет,34968.0,Путешествия
РЖД Билет,35302.0,Путешествия
Booking.com Билет,42667.0,Путешествия
Aviasales Билет,19771.0,Путешествия
Благотворительность,6890.0,Подарки и благотворительность
Благотворительность,8737.0,Подарки и благотворительность
Благотворительность,6727.0,Подарки и благотворительность
Благотворительность,5417.0,Подарки и благотворительность
Благотворительность,3457.0,Подарки и благотворительность
Благотворительность,3237.0,Подарки и благотворительность
Благотворительность,2637.0,Подарки и благотворительность
Благотворительность,6069.0,Подарки и благотворительность
Благотворительность,1353.0,Подарки и благотворительность
Благотворительность,3621.0,Подарки и благотворительность
Благотворительность,9432.0,Подарки и благотворительность
Благотворительность,1724.0,Подарки и благотворительность
Благотворительность,2550.0,Подарки и благотворительность
Благотворительность,9733.0,Подарки и благотворительность
Благотворительность,3807.0,Подарки и благотворительность
Благотворительность,3976.0,Подарки и благотворительность
Благотворительность,4131.0,Подарки и благотворительность
Благотворительность,9889.0,Подарки и благотворительность
Благотворительность,8668.0,Подарки и благотворительность
Благотворительность,1396.0,Подарки и благотворительность
Сигареты,375.0,Вредные привычки
Сигареты,263.0,Вредные привычки
Сигареты,472.0,Вредные привычки
Сигареты,343.0,Вредные привычки
Сигареты,526.0,Вредные привычки
Сигареты,564.0,Вредные привычки
Сигареты,354.0,Вредные привычки
Сигареты,582.0,Вредные привычки
Сигареты,489.0,Вредные привычки
Сигареты,230.0,Вредные привычки
Сигареты,500.0,Вредные привычки
Сигареты,343.0,Вредные привычки
Сигареты,504.0,Вредные привычки
Сигареты,377.0,Вредные привычки
Сигареты,586.0,Вредные привычки
Сигареты,564.0,Вредные привычки
Сигареты,449.0,Вредные привычки
Сигареты,578.0,Вредные привычки
Сигареты,534.0,Вредные привычки
Сигареты,360.0,Вредные привычки
Прочие расходы,3478.0,Прочее
Прочие расходы,2368.0,Прочее
Прочие расходы,4052.0,Прочее
Прочие расходы,2846.0,Прочее
Прочие расходы,4345.0,Прочее
Прочие расходы,4421.0,Прочее
Прочие расходы,1642.0,Прочее
Прочие расходы,4655.0,Прочее
Прочие расходы,3585.0,Прочее
Прочие расходы,4868.0,Прочее
Зарплата,102211.0,Зарплата
Зарплата,108817.0,Зарплата
Зарплата,115489.0,Зарплата
Зарплата,93081.0,Зарплата
Зарплата,71036.0,Зарплата
Зарплата,113527.0,Зарплата
Зарплата,133717.0,Зарплата
Зарплата,56352.0,Зарплата
Зарплата,123989.0,Зарплата
Зарплата,129885.0,Зарплата
Зарплата,70471.0,Зарплата
Зарплата,134719.0,Зарплата
Зарплата,136113.0,Зарплата
Зарплата,95391.0,Зарплата
Зарплата,77024.0,Зарплата
Зарплата,67122.0,Зарплата
Зарплата,105935.0,Зарплата
Зарплата,76567.0,Зарплата
Зарплата,114515.0,Зарплата
Зарплата,103066.0,Зарплата
Фриланс Проект,38355.0,Фриланс
Фриланс Проект,35115.0,Фриланс
Фриланс Проект,28954.0,Фриланс
Фриланс Проект,23269.0,Фриланс
Фриланс Проект,14107.0,Фриланс
Фриланс Проект,15606.0,Фриланс
Фриланс Проект,14219.0,Фриланс
Фриланс Проект,37276.0,Фриланс
Фриланс Проект,14029.0,Фриланс
Фриланс Проект,33896.0,Фриланс
Фриланс Проект,40112.0,Фриланс
Фриланс Проект,27967.0,Фриланс
Фриланс Проект,47853.0,Фриланс
Фриланс Проект,38101.0,Фриланс
Фриланс Проект,24731.0,Фриланс
Фриланс Проект,35377.0,Фриланс
Фриланс Проект,25011.0,Фриланс
Фриланс Проект,37019.0,Фриланс
Фриланс Проект,31596.0,Фриланс
Фриланс Проект,37845.0,Фриланс
Подарок на праздник,9306.0,Подарки и благотворительность
Подарок на праздник,5733.0,Подарки и благотворительность
Подарок на праздник,13449.0,Подарки и благотворительность
Подарок на праздник,17163.0,Подарки и благотворительность
Подарок на праздник,12890.0,Подарки и благотворительность
Подарок на праздник,17325.0,Подарки и благотворительность
Подарок на праздник,15271.0,Подарки и благотворительность
Подарок на праздник,16055.0,Подарки и благотворительность
Подарок на праздник,5213.0,Подарки и благотворительность
Подарок на праздник,4548.0,Подарки и благотворительность
Подарок на праздник,19561.0,Подарки и благотворительность
Подарок на праздник,10486.0,Подарки и благотворительность
Подарок на праздник,19941.0,Подарки и благотворительность
Подарок на праздник,2765.0,Подарки и благотворительность
Подарок на праздник,17614.0,Подарки и благотворительность
Дивиденды,1827.0,Инвестиции
Дивиденды,5949.0,Инвестиции
Дивиденды,5957.0,Инвестиции
Дивиденды,13957.0,Инвестиции
Дивиденды,14343.0,Инвестиции
Дивиденды,14612.0,Инвестиции
Дивиденды,8759.0,Инвестиции
Дивиденды,13656.0,Инвестиции
Дивиденды,8322.0,Инвестиции
Дивиденды,5828.0,Инвестиции
Дивиденды,12611.0,Инвестиции
Дивиденды,4494.0,Инвестиции
Дивиденды,8291.0,Инвестиции
Дивиденды,7707.0,Инвестиции
Дивиденды,6049.0,Инвестиции
Кэшбэк Тинькофф,1565.0,Кэшбэк
Кэшбэк Тинькофф,897.0,Кэшбэк
Кэшбэк Тинькофф,1020.0,Кэшбэк
Кэшбэк Тинькофф,2772.0,Кэшбэк
Кэшбэк Тинькофф,2197.0,Кэшбэк
Кэшбэк Тинькофф,2132.0,Кэшбэк
Кэшбэк Тинькофф,1759.0,Кэшбэк
Кэшбэк Тинькофф,1462.0,Кэшбэк
Кэшбэк Тинькофф,2665.0,Кэшбэк
Кэшбэк Тинькофф,1716.0,Кэшбэк
Кэшбэк Тинькофф,1641.0,Кэшбэк
Кэшбэк Тинькофф,2038.0,Кэшбэк
Кэшбэк Тинькофф,550.0,Кэшбэк
Кэшбэк Тинькофф,2008.0,Кэшбэк
Кэшбэк Тинькофф,2892.0,Кэшбэк
Кэшбэк Тинькофф,1476.0,Кэшбэк
Кэшбэк Тинькофф,2273.0,Кэшбэк
Кэшбэк Тинькофф,1792.0,Кэшбэк
Кэшбэк Тинькофф,2905.0,Кэшбэк
Кэшбэк Тинькофф,2468.0,Кэшбэк
Возврат товара,4284.0,Возврат средств
Возврат товара,9938.0,Возврат средств
Возврат товара,2381.0,Возврат средств
Возврат товара,3517.0,Возврат средств
Возврат товара,5069.0,Возврат средств
Возврат товара,3997.0,Возврат средств
Возврат товара,7837.0,Возврат средств
Возврат товара,9233.0,Возврат средств
Возврат товара,1594.0,Возврат средств
Возврат товара,3634.0,Возврат средств
Возврат товара,2791.0,Возврат средств
Возврат товара,1414.0,Возврат средств
Возврат товара,1883.0,Возврат средств
Возврат товара,8227.0,Возврат средств
Возврат товара,2858.0,Возврат средств
Аренда квартиры,49679.0,Аренда
Аренда квартиры,53771.0,Аренда
Аренда квартиры,49560.0,Аренда
Аренда квартиры,53533.0,Аренда
Аренда квартиры,48021.0,Аренда
Аренда квартиры,25791.0,Аренда
Аренда квартиры,24065.0,Аренда
Аренда квартиры,32663.0,Аренда
Аренда квартиры,26208.0,Аренда
Аренда квартиры,28758.0,Аренда
Продажа на Avito,25790.0,Продажа
Продажа на Avito,18710.0,Продажа
Продажа на Avito,10693.0,Продажа
Продажа на Avito,26279.0,Продажа
Продажа на Avito,12968.0,Продажа
Продажа на Avito,27122.0,Продажа
Продажа на Avito,11896.0,Продажа
Продажа на Avito,23371.0,Продажа
Продажа на Avito,23489.0,Продажа
Продажа на Avito,9873.0,Продажа
Бонус Годовой,10014.0,Бонусы
Бонус Годовой,18191.0,Бонусы
Бонус Годовой,8815.0,Бонусы
Бонус Годовой,22641.0,Бонусы
Бонус Годовой,12228.0,Бонусы
Бонус Годовой,11983.0,Бонусы
Бонус Годовой,13591.0,Бонусы
Бонус Годовой,28242.0,Бонусы
Бонус Годовой,25945.0,Бонусы
Бонус Годовой,24967.0,Бонусы
Бонус Годовой,21259.0,Бонусы
Бонус Годовой,17625.0,Бонусы
Бонус Годовой,24560.0,Бонусы
Бонус Годовой,9623.0,Бонусы
Бонус Годовой,11544.0,Бонусы
Перевод от друга,3182.0,Переводы
Перевод от друга,14552.0,Переводы
Перевод от друга,8154.0,Переводы
Перевод от друга,4541.0,Переводы
Перевод от друга,16517.0,Переводы
Перевод от друга,14108.0,Переводы
Перевод от друга,1622.0,Переводы
Перевод от друга,3171.0,Переводы
Перевод от друга,14765.0,Переводы
Перевод от друга,9576.0,Переводы
